wav,flux
4439.16,8.704007e-14
4440.16,9.179873e-14
4441.16,9.077803e-14
4442.16,9.198899e-14
4443.16,9.291861e-14
4444.16,9.313901e-14
4445.16,9.05129e-14
4446.16,9.196666e-14
4447.16,9.206498e-14
4448.16,9.289887e-14
4449.16,9.620893e-14
4450.16,1.027341e-13
4451.16,9.731535e-14
4452.16,9.635726e-14
4453.16,1.017538e-13
4454.16,1.035218e-13
4455.16,1.027036e-13
4456.16,1.024802e-13
4457.16,1.032904e-13
4458.16,1.086295e-13
4459.16,1.110341e-13
4460.16,1.085508e-13
4461.16,1.062137e-13
4462.16,1.083989e-13
4463.16,1.095344e-13
4464.16,1.065197e-13
4465.16,1.093925e-13
4466.16,1.206745e-13
4467.16,1.061145e-13
4468.16,1.11167e-13
4469.16,1.133447e-13
4470.16,1.132926e-13
4471.16,1.128152e-13
4472.16,1.183009e-13
4473.16,1.162952e-13
4474.16,1.133352e-13
4475.16,1.155833e-13
4476.16,1.167228e-13
4477.16,1.196745e-13
4478.16,1.215652e-13
4479.16,1.214057e-13
4480.16,1.218287e-13
4481.16,1.215688e-13
4482.16,1.214799e-13
4483.16,1.214688e-13
4484.16,1.210311e-13
4485.16,1.19059e-13
4486.16,1.205321e-13
4487.16,1.224034e-13
4488.16,1.212591e-13
4489.16,1.201595e-13
4490.16,1.25694e-13
4491.16,1.301789e-13
4492.16,1.312732e-13
4493.16,1.286739e-13
4494.16,1.263833e-13
4495.16,1.248488e-13
4496.16,1.24128e-13
4497.16,1.251933e-13
4498.16,1.282155e-13
4499.16,1.290447e-13
4500.16,1.287767e-13
4501.16,1.276321e-13
4502.16,1.291931e-13
4503.16,1.320784e-13
4504.16,1.340914e-13
4505.16,1.343401e-13
4506.16,1.334588e-13
4507.16,1.328463e-13
4508.16,1.326722e-13
4509.16,1.328713e-13
4510.16,1.33531e-13
4511.16,1.33335e-13
4512.16,1.329791e-13
4513.16,1.33132e-13
4514.16,1.35153e-13
4515.16,1.250959e-13
4516.16,1.287024e-13
4517.16,1.311703e-13
4518.16,1.290184e-13
4519.16,1.342317e-13
4520.16,1.367425e-13
4521.16,1.366466e-13
4522.16,1.351882e-13
4523.16,1.385195e-13
4524.16,1.366935e-13
4525.16,1.350581e-13
4526.16,1.353725e-13
4527.16,1.412377e-13
4528.16,1.384378e-13
4529.16,1.370393e-13
4530.16,1.358431e-13
4531.16,1.347782e-13
4532.16,1.409044e-13
4533.16,1.389311e-13
4534.16,1.366972e-13
4535.16,1.351955e-13
4536.16,1.394194e-13
4537.16,1.408384e-13
4538.16,1.371685e-13
4539.16,1.340761e-13
4540.16,1.361218e-13
4541.16,1.370316e-13
4542.16,1.414145e-13
4543.16,1.421988e-13
4544.16,1.385953e-13
4545.16,1.399191e-13
4546.16,1.381544e-13
4547.16,1.378107e-13
4548.16,1.381682e-13
4549.16,1.381059e-13
4550.16,1.408196e-13
4551.16,1.42134e-13
4552.16,1.422885e-13
4553.16,1.407123e-13
4554.16,1.371529e-13
4555.16,1.373672e-13
4556.16,1.370625e-13
4557.16,1.360221e-13
4558.16,1.346017e-13
4559.16,1.359159e-13
4560.16,1.332447e-13
4561.16,1.291406e-13
4562.16,1.262148e-13
4563.16,1.347103e-13
4564.16,1.32534e-13
4565.16,1.304507e-13
4566.16,1.314375e-13
4567.16,1.296278e-13
4568.16,1.282865e-13
4569.16,1.269785e-13
4570.16,1.262941e-13
4571.16,1.304514e-13
4572.16,1.304757e-13
4573.16,1.262185e-13
4574.16,1.239839e-13
4575.16,1.313686e-13
4576.16,1.280905e-13
4577.16,1.261165e-13
4578.16,1.262759e-13
4579.16,1.285887e-13
4580.16,1.219189e-13
4581.16,1.244009e-13
4582.16,1.235105e-13
4583.16,1.219335e-13
4584.16,1.268291e-13
4585.16,1.262195e-13
4586.16,1.244729e-13
4587.16,1.247336e-13
4588.16,1.294662e-13
4589.16,1.271348e-13
4590.16,1.259466e-13
4591.16,1.246448e-13
4592.16,1.236277e-13
4593.16,1.274822e-13
4594.16,1.206822e-13
4595.16,1.20286e-13
4596.16,1.221129e-13
4597.16,1.228162e-13
4598.16,1.250442e-13
4599.16,1.242462e-13
4600.16,1.25026e-13
4601.16,1.284158e-13
4602.16,1.256756e-13
4603.16,1.257946e-13
4604.16,1.252243e-13
4605.16,1.245889e-13
4606.16,1.262299e-13
4607.16,1.265809e-13
4608.16,1.281028e-13
4609.16,1.281117e-13
4610.16,1.242101e-13
4611.16,1.263267e-13
4612.16,1.248051e-13
4613.16,1.238382e-13
4614.16,1.239943e-13
4615.16,1.291002e-13
4616.16,1.253982e-13
4617.16,1.248756e-13
4618.16,1.259191e-13
4619.16,1.277955e-13
4620.16,1.268442e-13
4621.16,1.254418e-13
4622.16,1.254641e-13
4623.16,1.274831e-13
4624.16,1.279603e-13
4625.16,1.224793e-13
4626.16,1.203976e-13
4627.16,1.207626e-13
4628.16,1.224923e-13
4629.16,1.214295e-13
4630.16,1.202227e-13
4631.16,1.192984e-13
4632.16,1.190291e-13
4633.16,1.175123e-13
4634.16,1.187557e-13
4635.16,1.185316e-13
4636.16,1.169236e-13
4637.16,1.160125e-13
4638.16,1.195249e-13
4639.16,1.189948e-13
4640.16,1.162908e-13
4641.16,1.116192e-13
4642.16,1.147866e-13
4643.16,1.142847e-13
4644.16,1.122455e-13
4645.16,1.089763e-13
4646.16,1.075196e-13
4647.16,1.062842e-13
4648.16,1.059836e-13
4649.16,1.061954e-13
4650.16,1.064209e-13
4651.16,1.033766e-13
4652.16,1.047177e-13
4653.16,1.051287e-13
4654.16,1.024642e-13
4655.16,1.019372e-13
4656.16,1.025957e-13
4657.16,1.020673e-13
4658.16,1.004772e-13
4659.16,9.773446e-14
4660.16,9.811593e-14
4661.16,9.90007e-14
4662.16,9.848586e-14
4663.16,9.432158e-14
4664.16,9.66212e-14
4665.16,9.570061e-14
4666.16,9.436839e-14
4667.16,9.305092e-14
4668.16,9.384325e-14
4669.16,9.386524e-14
4670.16,9.485442e-14
4671.16,9.50708e-14
4672.16,9.146357e-14
4673.16,9.105048e-14
4674.16,9.191672e-14
4675.16,9.298882e-14
4676.16,9.403847e-14
4677.16,9.509585e-14
4678.16,9.442544e-14
4679.16,9.126152e-14
4680.16,8.832937e-14
4681.16,9.25699e-14
4682.16,9.372739e-14
4683.16,9.431712e-14
4684.16,9.397798e-14
4685.16,9.229819e-14
4686.16,9.537088e-14
4687.16,9.198886e-14
4688.16,9.05929e-14
4689.16,9.087941e-14
4690.16,9.215249e-14
4691.16,9.267198e-14
4692.16,9.349207e-14
4693.16,9.382484e-14
4694.16,9.293658e-14
4695.16,8.94214e-14
4696.16,9.024747e-14
4697.16,9.229049e-14
4698.16,9.481418e-14
4699.16,9.436411e-14
4700.16,9.641797e-14
4701.16,9.432661e-14
4702.16,9.229304e-14
4703.16,9.437648e-14
4704.16,9.179298e-14
4705.16,9.398072e-14
4706.16,9.448264e-14
4707.16,9.288374e-14
4708.16,9.520184e-14
4709.16,9.391355e-14
4710.16,9.363345e-14
4711.16,9.398785e-14
4712.16,9.498477e-14
4713.16,9.203346e-14
4714.16,9.247957e-14
4715.16,9.368081e-14
4716.16,9.513411e-14
4717.16,9.483775e-14
4718.16,9.411597e-14
4719.16,9.319011e-14
4720.16,9.276159e-14
4721.16,9.49213e-14
4722.16,9.727123e-14
4723.16,9.57599e-14
4724.16,9.415775e-14
4725.16,9.353935e-14
4726.16,9.409659e-14
4727.16,9.325236e-14
4728.16,9.257518e-14
4729.16,9.224023e-14
4730.16,9.310335e-14
4731.16,9.366751e-14
4732.16,9.317322e-14
4733.16,9.289362e-14
4734.16,9.342077e-14
4735.16,9.175491e-14
4736.16,9.123533e-14
4737.16,9.08865e-14
4738.16,9.05251e-14
4739.16,8.931621e-14
4740.16,8.931869e-14
4741.16,8.94931e-14
4742.16,8.890848e-14
4743.16,8.666039e-14
4744.16,8.706713e-14
4745.16,8.722271e-14
4746.16,8.769033e-14
4747.16,8.819408e-14
4748.16,8.693287e-14
4749.16,8.510076e-14
4750.16,8.393746e-14
4751.16,8.358281e-14
4752.16,8.464052e-14
4753.16,8.442724e-14
4754.16,8.273994e-14
4755.16,8.091906e-14
4756.16,7.961166e-14
4757.16,8.347512e-14
4758.16,8.483201e-14
4759.16,8.347448e-14
4760.16,8.137392e-14
4761.16,7.990842e-14
4762.16,8.001544e-14
4763.16,7.97383e-14
4764.16,7.984995e-14
4765.16,8.021361e-14
4766.16,7.835858e-14
4767.16,7.954909e-14
4768.16,7.935356e-14
4769.16,7.874344e-14
4770.16,7.855194e-14
4771.16,7.8439e-14
4772.16,7.859722e-14
4773.16,7.92532e-14
4774.16,8.002662e-14
4775.16,7.47543e-14
4776.16,7.37484e-14
4777.16,7.564102e-14
4778.16,7.820029e-14
4779.16,7.891144e-14
4780.16,7.749218e-14
4781.16,7.864229e-14
4782.16,8.001157e-14
4783.16,8.10575e-14
4784.16,7.921529e-14
4785.16,7.933334e-14
4786.16,7.906761e-14
4787.16,7.910174e-14
4788.16,8.078203e-14
4789.16,8.184236e-14
4790.16,8.136315e-14
4791.16,8.064137e-14
4792.16,7.998949e-14
4793.16,8.176226e-14
4794.16,8.168669e-14
4795.16,8.087631e-14
4796.16,8.033331e-14
4797.16,8.201304e-14
4798.16,8.246991e-14
4799.16,8.230889e-14
4800.16,8.251153e-14
4801.16,8.31424e-14
4802.16,8.0614e-14
4803.16,8.249908e-14
4804.16,8.270427e-14
4805.16,8.227564e-14
4806.16,8.265356e-14
4807.16,8.319262e-14
4808.16,8.332576e-14
4809.16,8.329356e-14
4810.16,8.304258e-14
4811.16,8.070517e-14
4812.16,8.140073e-14
4813.16,8.096967e-14
4814.16,8.02767e-14
4815.16,8.072826e-14
4816.16,7.838013e-14
4817.16,7.825416e-14
4818.16,7.891265e-14
4819.16,8.005081e-14
4820.16,7.932741e-14
4821.16,7.904988e-14
4822.16,7.768504e-14
4823.16,7.657056e-14
4824.16,7.83306e-14
4825.16,7.93587e-14
4826.16,7.69608e-14
4827.16,7.490081e-14
4828.16,7.400291e-14
4829.16,7.375965e-14
4830.16,7.468351e-14
4831.16,7.31187e-14
4832.16,7.15739e-14
4833.16,7.442616e-14
4834.16,7.130781e-14
4835.16,6.989693e-14
4836.16,6.95306e-14
4837.16,7.001824e-14
4838.16,6.685033e-14
4839.16,6.623686e-14
4840.16,6.635855e-14
4841.16,6.645459e-14
4842.16,6.528428e-14
4843.16,6.700687e-14
4844.16,6.539829e-14
4845.16,6.413413e-14
4846.16,6.390982e-14
4847.16,6.532168e-14
4848.16,6.372452e-14
4849.16,6.39025e-14
4850.16,6.392242e-14
4851.16,6.088757e-14
4852.16,6.354367e-14
4853.16,6.176083e-14
4854.16,6.006939e-14
4855.16,5.91945e-14
4856.16,5.948021e-14
4857.16,5.963041e-14
4858.16,5.971277e-14
4859.16,5.956999e-14
4860.16,5.885368e-14
4861.16,5.760225e-14
4862.16,5.762565e-14
4863.16,5.731671e-14
4864.16,5.654915e-14
4865.16,5.597966e-14
4866.16,5.763281e-14
4867.16,5.783536e-14
4868.16,5.739132e-14
4869.16,5.671762e-14
4870.16,5.517749e-14
4871.16,5.572735e-14
4872.16,5.56509e-14
4873.16,5.475493e-14
4874.16,5.340701e-14
4875.16,5.373363e-14
4876.16,5.476358e-14
4877.16,5.542503e-14
4878.16,5.461059e-14
4879.16,5.441421e-14
4880.16,5.492571e-14
4881.16,5.397948e-14
4882.16,5.204592e-14
4883.16,5.275704e-14
4884.16,5.499671e-14
4885.16,5.510131e-14
4886.16,5.464411e-14
4887.16,5.438418e-14
4888.16,5.383646e-14
4889.16,5.372525e-14
4890.16,5.467392e-14
4891.16,5.618105e-14
4892.16,5.613153e-14
4893.16,5.757303e-14
4894.16,5.788192e-14
4895.16,5.743772e-14
4896.16,5.615734e-14
4897.16,5.813445e-14
4898.16,5.772034e-14
4899.16,5.751165e-14
4900.16,5.776015e-14
4901.16,5.954976e-14
4902.16,6.026137e-14
4903.16,5.911379e-14
4904.16,5.824279e-14
4905.16,5.851735e-14
4906.16,6.049658e-14
4907.16,6.006014e-14
4908.16,6.103169e-14
4909.16,6.214607e-14
4910.16,6.004592e-14
4911.16,6.04537e-14
4912.16,6.140298e-14
4913.16,6.182607e-14
4914.16,6.136953e-14
4915.16,6.227977e-14
4916.16,6.214154e-14
4917.16,6.204516e-14
4918.16,6.233389e-14
4919.16,6.399107e-14
4920.16,6.522116e-14
4921.16,6.407252e-14
4922.16,6.328993e-14
4923.16,6.33607e-14
4924.16,6.293991e-14
4925.16,6.326457e-14
4926.16,6.38677e-14
4927.16,6.473476e-14
4928.16,6.605341e-14
4929.16,6.457047e-14
4930.16,6.552894e-14
4931.16,6.573802e-14
4932.16,6.487638e-14
4933.16,6.379248e-14
4934.16,6.386252e-14
4935.16,6.433952e-14
4936.16,6.487177e-14
4937.16,6.517041e-14
4938.16,6.481386e-14
4939.16,6.471771e-14
4940.16,6.410933e-14
4941.16,6.322982e-14
4942.16,6.376489e-14
4943.16,6.395656e-14
4944.16,6.342682e-14
4945.16,6.285087e-14
4946.16,6.261263e-14
4947.16,6.307037e-14
4948.16,6.407688e-14
4949.16,6.461759e-14
4950.16,6.454024e-14
4951.16,6.310711e-14
4952.16,6.392081e-14
4953.16,6.349697e-14
4954.16,6.309051e-14
4955.16,6.316857e-14
4956.16,6.499631e-14
4957.16,6.41395e-14
4958.16,6.372816e-14
4959.16,6.354399e-14
4960.16,6.313265e-14
4961.16,6.179446e-14
4962.16,6.161001e-14
4963.16,6.199445e-14
4964.16,6.285709e-14
4965.16,6.405714e-14
4966.16,6.307185e-14
4967.16,6.250444e-14
4968.16,6.223796e-14
4969.16,6.227421e-14
4970.16,6.17648e-14
4971.16,6.146411e-14
4972.16,6.095445e-14
4973.16,6.034259e-14
4974.16,6.135226e-14
4975.16,6.054142e-14
4976.16,6.090057e-14
4977.16,6.11979e-14
4978.16,6.028266e-14
4979.16,6.044146e-14
4980.16,6.033689e-14
4981.16,6.058421e-14
4982.16,6.092493e-14
4983.16,5.968858e-14
4984.16,6.060719e-14
4985.16,6.041533e-14
4986.16,5.975038e-14
4987.16,5.879606e-14
4988.16,6.034976e-14
4989.16,6.138266e-14
4990.16,6.078556e-14
4991.16,5.943484e-14
4992.16,5.984272e-14
4993.16,6.078893e-14
4994.16,6.039321e-14
4995.16,5.98963e-14
4996.16,5.964367e-14
4997.16,5.888179e-14
4998.16,5.872e-14
4999.16,5.891222e-14
5000.16,5.968132e-14
5001.16,6.188237e-14
5002.16,5.869821e-14
5003.16,5.839272e-14
5004.16,5.881182e-14
5005.16,5.960994e-14
5006.16,6.048941e-14
5007.16,5.9865e-14
5008.16,5.988507e-14
5009.16,5.979399e-14
5010.16,5.875798e-14
5011.16,5.774215e-14
5012.16,5.84931e-14
5013.16,5.95028e-14
5014.16,6.038009e-14
5015.16,5.968659e-14
5016.16,5.894981e-14
5017.16,5.921046e-14
5018.16,5.945361e-14
5019.16,5.911442e-14
5020.16,5.831586e-14
5021.16,6.02492e-14
5022.16,6.060074e-14
5023.16,5.994821e-14
5024.16,6.001715e-14
5025.16,5.961128e-14
5026.16,5.908278e-14
5027.16,5.899164e-14
5028.16,5.954536e-14
5029.16,5.996698e-14
5030.16,5.879335e-14
5031.16,5.913708e-14
5032.16,6.015363e-14
5033.16,6.085924e-14
5034.16,6.18816e-14
5035.16,6.092071e-14
5036.16,6.068643e-14
5037.16,6.13506e-14
5038.16,6.028707e-14
5039.16,6.038442e-14
5040.16,6.020968e-14
5041.16,5.994098e-14
5042.16,5.96857e-14
5043.16,6.165453e-14
5044.16,6.092765e-14
5045.16,6.036769e-14
5046.16,6.016972e-14
5047.16,6.056303e-14
5048.16,5.894215e-14
5049.16,5.996352e-14
5050.16,6.068669e-14
5051.16,5.978483e-14
5052.16,6.014659e-14
5053.16,6.103738e-14
5054.16,6.129162e-14
5055.16,6.123595e-14
5056.16,6.157381e-14
5057.16,6.074511e-14
5058.16,6.228298e-14
5059.16,6.278821e-14
5060.16,6.15931e-14
5061.16,6.149194e-14
5062.16,6.309762e-14
5063.16,6.334072e-14
5064.16,6.321879e-14
5065.16,6.370401e-14
5066.16,6.517552e-14
5067.16,6.40849e-14
5068.16,6.456726e-14
5069.16,6.638916e-14
5070.16,6.612475e-14
5071.16,6.557771e-14
5072.16,6.590553e-14
5073.16,6.65605e-14
5074.16,6.732247e-14
5075.16,6.672267e-14
5076.16,6.71623e-14
5077.16,6.682738e-14
5078.16,6.646218e-14
5079.16,6.845982e-14
5080.16,6.840506e-14
5081.16,6.862838e-14
5082.16,6.872421e-14
5083.16,6.861183e-14
5084.16,6.969295e-14
5085.16,6.995291e-14
5086.16,7.040866e-14
5087.16,7.074851e-14
5088.16,7.049095e-14
5089.16,7.060729e-14
5090.16,7.158134e-14
5091.16,7.220746e-14
5092.16,7.239348e-14
5093.16,7.274434e-14
5094.16,7.194123e-14
5095.16,7.194387e-14
5096.16,7.248677e-14
5097.16,7.358224e-14
5098.16,7.266444e-14
5099.16,7.305782e-14
5100.16,7.296355e-14
5101.16,7.277185e-14
5102.16,7.395586e-14
5103.16,7.42206e-14
5104.16,7.431556e-14
5105.16,7.47968e-14
5106.16,7.580077e-14
5107.16,7.635739e-14
5108.16,7.519211e-14
5109.16,7.622424e-14
5110.16,7.765065e-14
5111.16,7.708955e-14
5112.16,7.691582e-14
5113.16,7.658354e-14
5114.16,7.680641e-14
5115.16,7.753175e-14
5116.16,7.79014e-14
5117.16,7.759197e-14
5118.16,7.754543e-14
5119.16,7.78982e-14
5120.16,7.886165e-14
5121.16,7.786695e-14
5122.16,7.761003e-14
5123.16,7.809786e-14
5124.16,7.916868e-14
5125.16,8.077543e-14
5126.16,7.860953e-14
5127.16,7.851737e-14
5128.16,7.846648e-14
5129.16,7.797637e-14
5130.16,7.828662e-14
5131.16,7.822256e-14
5132.16,7.850007e-14
5133.16,7.860598e-14
5134.16,7.774739e-14
5135.16,7.769076e-14
5136.16,7.86754e-14
5137.16,7.877242e-14
5138.16,7.808095e-14
5139.16,7.877807e-14
5140.16,7.767659e-14
5141.16,7.792589e-14
5142.16,7.838067e-14
5143.16,7.844817e-14
5144.16,7.621348e-14
5145.16,7.642143e-14
5146.16,7.638936e-14
5147.16,7.64504e-14
5148.16,7.781364e-14
5149.16,7.535399e-14
5150.16,7.533022e-14
5151.16,7.56256e-14
5152.16,7.578395e-14
5153.16,7.595282e-14
5154.16,7.651639e-14
5155.16,7.618189e-14
5156.16,7.566823e-14
5157.16,7.571331e-14
5158.16,7.343386e-14
5159.16,7.263261e-14
5160.16,7.295056e-14
5161.16,7.398782e-14
5162.16,7.39411e-14
5163.16,7.391799e-14
5164.16,7.391123e-14
5165.16,7.44208e-14
5166.16,7.57568e-14
5167.16,7.630515e-14
5168.16,7.588301e-14
5169.16,7.450862e-14
5170.16,7.320911e-14
5171.16,7.427082e-14
5172.16,7.363772e-14
5173.16,7.48046e-14
5174.16,7.435454e-14
5175.16,7.206132e-14
5176.16,7.386528e-14
5177.16,7.329877e-14
5178.16,7.364121e-14
5179.16,7.367886e-14
5180.16,7.220752e-14
5181.16,7.358909e-14
5182.16,7.360834e-14
5183.16,7.307636e-14
5184.16,7.259511e-14
5185.16,7.456851e-14
5186.16,7.410668e-14
5187.16,7.321483e-14
5188.16,7.274378e-14
5189.16,7.308483e-14
5190.16,7.484611e-14
5191.16,7.462316e-14
5192.16,7.423336e-14
5193.16,7.430563e-14
5194.16,7.614178e-14
5195.16,7.639172e-14
5196.16,7.744241e-14
5197.16,7.736271e-14
5198.16,7.625912e-14
5199.16,7.705918e-14
5200.16,7.60201e-14
5201.16,7.698321e-14
5202.16,7.767195e-14
5203.16,7.658749e-14
5204.16,7.677629e-14
5205.16,7.741986e-14
5206.16,7.767367e-14
5207.16,7.762336e-14
5208.16,7.748589e-14
5209.16,7.827555e-14
5210.16,7.906776e-14
5211.16,7.96184e-14
5212.16,7.974829e-14
5213.16,7.845747e-14
5214.16,7.889953e-14
5215.16,7.900919e-14
5216.16,7.903752e-14
5217.16,7.922042e-14
5218.16,7.914289e-14
5219.16,7.836055e-14
5220.16,7.785701e-14
5221.16,7.774598e-14
5222.16,7.832358e-14
5223.16,7.704358e-14
5224.16,7.849946e-14
5225.16,7.90567e-14
5226.16,7.714547e-14
5227.16,7.805879e-14
5228.16,7.746921e-14
5229.16,7.695769e-14
5230.16,7.626727e-14
5231.16,7.476739e-14
5232.16,7.407488e-14
5233.16,7.429594e-14
5234.16,7.45934e-14
5235.16,7.47861e-14
5236.16,7.44427e-14
5237.16,7.306743e-14
5238.16,7.295327e-14
5239.16,7.293581e-14
5240.16,7.228652e-14
5241.16,7.065933e-14
5242.16,6.975131e-14
5243.16,7.000732e-14
5244.16,7.062313e-14
5245.16,6.930794e-14
5246.16,6.924307e-14
5247.16,6.832862e-14
5248.16,6.765193e-14
5249.16,6.749119e-14
5250.16,6.723434e-14
5251.16,6.647138e-14
5252.16,6.535852e-14
5253.16,6.433208e-14
5254.16,6.389657e-14
5255.16,6.388834e-14
5256.16,6.355302e-14
5257.16,6.354431e-14
5258.16,6.364202e-14
5259.16,6.25637e-14
5260.16,6.14386e-14
5261.16,6.155589e-14
5262.16,6.136357e-14
5263.16,6.026113e-14
5264.16,6.015084e-14
5265.16,5.962152e-14
5266.16,5.88047e-14
5267.16,5.807181e-14
5268.16,5.806539e-14
5269.16,5.771996e-14
5270.16,5.784398e-14
5271.16,5.745551e-14
5272.16,5.649474e-14
5273.16,5.531629e-14
5274.16,5.679937e-14
5275.16,5.597388e-14
5276.16,5.496545e-14
5277.16,5.499069e-14
5278.16,5.583277e-14
5279.16,5.515465e-14
5280.16,5.468588e-14
5281.16,5.432826e-14
5282.16,5.37238e-14
5283.16,5.234688e-14
5284.16,5.225931e-14
5285.16,5.273691e-14
5286.16,5.351135e-14
5287.16,5.257167e-14
5288.16,5.229002e-14
5289.16,5.257858e-14
5290.16,5.272367e-14
5291.16,5.201167e-14
5292.16,5.281567e-14
5293.16,5.217995e-14
5294.16,5.191856e-14
5295.16,5.201073e-14
5296.16,5.211243e-14
5297.16,5.136657e-14
5298.16,5.211412e-14
5299.16,5.25942e-14
5300.16,5.222169e-14
5301.16,5.179163e-14
5302.16,5.229462e-14
5303.16,5.248554e-14
5304.16,5.27014e-14
5305.16,5.343844e-14
5306.16,5.275571e-14
5307.16,5.285954e-14
5308.16,5.278367e-14
5309.16,5.251192e-14
5310.16,5.24642e-14
5311.16,5.218882e-14
5312.16,5.280952e-14
5313.16,5.28935e-14
5314.16,5.167768e-14
5315.16,5.172315e-14
5316.16,5.166235e-14
5317.16,5.249188e-14
5318.16,5.32298e-14
5319.16,5.18766e-14
5320.16,5.306008e-14
5321.16,5.393554e-14
5322.16,5.392277e-14
5323.16,5.305931e-14
5324.16,5.283501e-14
5325.16,5.240886e-14
5326.16,5.297933e-14
5327.16,5.3392e-14
5328.16,5.281462e-14
5329.16,5.261154e-14
5330.16,5.310638e-14
5331.16,5.377315e-14
5332.16,5.414304e-14
5333.16,5.28236e-14
5334.16,5.249431e-14
5335.16,5.325377e-14
5336.16,5.367844e-14
5337.16,5.340286e-14
5338.16,5.249103e-14
5339.16,5.265466e-14
5340.16,5.251732e-14
5341.16,5.243358e-14
5342.16,5.276753e-14
5343.16,5.317921e-14
5344.16,5.337553e-14
5345.16,5.344002e-14
5346.16,5.351171e-14
5347.16,5.421876e-14
5348.16,5.449864e-14
5349.16,5.449397e-14
5350.16,5.449904e-14
5351.16,5.462646e-14
5352.16,5.576525e-14
5353.16,5.570977e-14
5354.16,5.64332e-14
5355.16,5.676333e-14
5356.16,5.491131e-14
5357.16,5.653484e-14
5358.16,5.63093e-14
5359.16,5.624928e-14
5360.16,5.655614e-14
5361.16,5.748207e-14
5362.16,5.593457e-14
5363.16,5.665318e-14
5364.16,5.775483e-14
5365.16,5.84482e-14
5366.16,5.83389e-14
5367.16,5.891628e-14
5368.16,5.874346e-14
5369.16,5.822293e-14
5370.16,5.795588e-14
5371.16,5.729498e-14
5372.16,5.83778e-14
5373.16,5.852029e-14
5374.16,5.757496e-14
5375.16,5.766148e-14
5376.16,5.852402e-14
5377.16,5.872443e-14
5378.16,5.863739e-14
5379.16,5.839547e-14
5380.16,5.898339e-14
5381.16,5.910528e-14
5382.16,5.93904e-14
5383.16,5.944256e-14
5384.16,5.809326e-14
5385.16,5.907217e-14
5386.16,5.871833e-14
5387.16,5.862543e-14
5388.16,5.894674e-14
5389.16,5.742927e-14
5390.16,5.740809e-14
5391.16,5.779255e-14
5392.16,5.799561e-14
5393.16,5.744823e-14
5394.16,5.83e-14
5395.16,5.742314e-14
5396.16,5.73474e-14
5397.16,5.790525e-14
5398.16,5.841286e-14
5399.16,5.901312e-14
5400.16,5.784964e-14
5401.16,5.714047e-14
5402.16,5.747666e-14
5403.16,5.684935e-14
5404.16,5.641504e-14
5405.16,5.650996e-14
5406.16,5.670078e-14
5407.16,5.653474e-14
5408.16,5.584867e-14
5409.16,5.679983e-14
5410.16,5.656845e-14
5411.16,5.561187e-14
5412.16,5.69427e-14
5413.16,5.710833e-14
5414.16,5.65681e-14
5415.16,5.609729e-14
5416.16,5.599991e-14
5417.16,5.585902e-14
5418.16,5.567159e-14
5419.16,5.551381e-14
5420.16,5.526357e-14
5421.16,5.467222e-14
5422.16,5.516439e-14
5423.16,5.465437e-14
5424.16,5.43114e-14
5425.16,5.4233e-14
5426.16,5.417861e-14
5427.16,5.41612e-14
5428.16,5.425628e-14
5429.16,5.393292e-14
5430.16,5.285065e-14
5431.16,5.231546e-14
5432.16,5.202165e-14
5433.16,5.225594e-14
5434.16,5.248768e-14
5435.16,5.15953e-14
5436.16,5.099594e-14
5437.16,5.076103e-14
5438.16,5.080066e-14
5439.16,5.104026e-14
5440.16,5.085823e-14
5441.16,5.076235e-14
5442.16,5.034709e-14
5443.16,4.98005e-14
5444.16,4.921825e-14
5445.16,5.025827e-14
5446.16,4.982405e-14
5447.16,4.906476e-14
5448.16,4.801372e-14
5449.16,4.639943e-14
5450.16,4.691808e-14
5451.16,4.764131e-14
5452.16,4.781111e-14
5453.16,4.727722e-14
5454.16,4.70173e-14
5455.16,4.723523e-14
5456.16,4.695418e-14
5457.16,4.660725e-14
5458.16,4.655529e-14
5459.16,4.667247e-14
5460.16,4.629872e-14
5461.16,4.604975e-14
5462.16,4.593479e-14
5463.16,4.589958e-14
5464.16,4.572687e-14
5465.16,4.501597e-14
5466.16,4.466996e-14
5467.16,4.496868e-14
5468.16,4.498352e-14
5469.16,4.524134e-14
5470.16,4.523338e-14
5471.16,4.492228e-14
5472.16,4.411758e-14
5473.16,4.548883e-14
5474.16,4.564357e-14
5475.16,4.557264e-14
5476.16,4.54218e-14
5477.16,4.553401e-14
5478.16,4.449266e-14
5479.16,4.484818e-14
5480.16,4.520674e-14
5481.16,4.506266e-14
5482.16,4.639196e-14
5483.16,4.566114e-14
5484.16,4.565715e-14
5485.16,4.601265e-14
5486.16,4.631423e-14
5487.16,4.668334e-14
5488.16,4.668771e-14
5489.16,4.641006e-14
5490.16,4.602149e-14
5491.16,4.661751e-14
5492.16,4.670513e-14
5493.16,4.784386e-14
5494.16,4.864695e-14
5495.16,4.829466e-14
5496.16,4.911653e-14
5497.16,4.945451e-14
5498.16,4.97625e-14
5499.16,5.008768e-14
5500.16,5.059772e-14
5501.16,5.113616e-14
5502.16,5.13071e-14
5503.16,5.188942e-14
5504.16,5.284373e-14
5505.16,5.278184e-14
5506.16,5.320223e-14
5507.16,5.403083e-14
5508.16,5.477239e-14
5509.16,5.503165e-14
5510.16,5.587445e-14
5511.16,5.576582e-14
5512.16,5.60254e-14
5513.16,5.637088e-14
5514.16,5.595291e-14
5515.16,5.578245e-14
5516.16,5.67723e-14
5517.16,5.796746e-14
5518.16,5.904347e-14
5519.16,5.906817e-14
5520.16,5.958281e-14
5521.16,5.998277e-14
5522.16,6.000156e-14
5523.16,5.922657e-14
5524.16,6.050254e-14
5525.16,6.141603e-14
5526.16,6.175737e-14
5527.16,6.168012e-14
5528.16,6.177061e-14
5529.16,6.17622e-14
5530.16,6.179918e-14
5531.16,6.222658e-14
5532.16,6.311774e-14
5533.16,6.292833e-14
5534.16,6.296933e-14
5535.16,6.309176e-14
5536.16,6.332174e-14
5537.16,6.375518e-14
5538.16,6.414326e-14
5539.16,6.38204e-14
5540.16,6.43097e-14
5541.16,6.530764e-14
5542.16,6.470455e-14
5543.16,6.553803e-14
5544.16,6.569569e-14
5545.16,6.582315e-14
5546.16,6.614945e-14
5547.16,6.589008e-14
5548.16,6.649465e-14
5549.16,6.69438e-14
5550.16,6.721862e-14
5551.16,6.724444e-14
5552.16,6.788806e-14
5553.16,6.781983e-14
5554.16,6.791967e-14
5555.16,6.818023e-14
5556.16,6.773403e-14
5557.16,6.931292e-14
5558.16,6.86605e-14
5559.16,6.816298e-14
5560.16,6.921821e-14
5561.16,7.000367e-14
5562.16,6.951996e-14
5563.16,6.965564e-14
5564.16,7.000162e-14
5565.16,6.959673e-14
5566.16,6.914843e-14
5567.16,6.898349e-14
5568.16,6.910119e-14
5569.16,6.949489e-14
5570.16,7.002768e-14
5571.16,6.950788e-14
5572.16,6.99073e-14
5573.16,7.030714e-14
5574.16,6.996168e-14
5575.16,6.915771e-14
5576.16,6.949077e-14
5577.16,6.942636e-14
5578.16,6.922377e-14
5579.16,6.997441e-14
5580.16,7.030929e-14
5581.16,7.085431e-14
5582.16,7.071268e-14
5583.16,6.97221e-14
5584.16,7.130192e-14
5585.16,7.105198e-14
5586.16,7.153151e-14
5587.16,7.203264e-14
5588.16,7.175573e-14
5589.16,7.275747e-14
5590.16,7.15397e-14
5591.16,7.115409e-14
5592.16,7.174765e-14
5593.16,7.324322e-14
5594.16,7.3721e-14
5595.16,7.290804e-14
5596.16,7.219729e-14
5597.16,7.215421e-14
5598.16,7.244008e-14
5599.16,7.360496e-14
5600.16,7.376102e-14
5601.16,7.33456e-14
5602.16,7.281792e-14
5603.16,7.373536e-14
5604.16,7.369933e-14
5605.16,7.387486e-14
5606.16,7.414823e-14
5607.16,7.26802e-14
5608.16,7.241973e-14
5609.16,7.201467e-14
5610.16,7.208158e-14
5611.16,7.308005e-14
5612.16,7.359365e-14
5613.16,7.308416e-14
5614.16,7.240979e-14
5615.16,7.195232e-14
5616.16,7.268167e-14
5617.16,7.313811e-14
5618.16,7.275051e-14
5619.16,7.23073e-14
5620.16,7.195072e-14
5621.16,7.147894e-14
5622.16,7.247401e-14
5623.16,7.238237e-14
5624.16,7.184054e-14
5625.16,7.1193e-14
5626.16,7.146039e-14
5627.16,7.188519e-14
5628.16,7.188668e-14
5629.16,7.151782e-14
5630.16,7.089308e-14
5631.16,6.959505e-14
5632.16,7.019919e-14
5633.16,7.089778e-14
5634.16,7.114347e-14
5635.16,7.041016e-14
5636.16,7.014775e-14
5637.16,7.063765e-14
5638.16,7.113124e-14
5639.16,7.070569e-14
5640.16,7.020514e-14
5641.16,6.985236e-14
5642.16,7.003151e-14
5643.16,7.045476e-14
5644.16,6.94333e-14
5645.16,7.008983e-14
5646.16,7.030323e-14
5647.16,6.996842e-14
5648.16,6.894873e-14
5649.16,6.932378e-14
5650.16,6.914033e-14
5651.16,6.864873e-14
5652.16,6.832294e-14
5653.16,6.915338e-14
5654.16,6.828512e-14
5655.16,6.838275e-14
5656.16,6.81229e-14
5657.16,6.751812e-14
5658.16,6.842657e-14
5659.16,6.794774e-14
5660.16,6.760518e-14
5661.16,6.755471e-14
5662.16,6.800052e-14
5663.16,6.903519e-14
5664.16,6.82618e-14
5665.16,6.823966e-14
5666.16,6.850499e-14
5667.16,6.757427e-14
5668.16,6.811909e-14
5669.16,6.806624e-14
5670.16,6.822419e-14
5671.16,6.869695e-14
5672.16,6.788108e-14
5673.16,6.744587e-14
5674.16,6.705438e-14
5675.16,6.677555e-14
5676.16,6.673415e-14
5677.16,6.738602e-14
5678.16,6.761938e-14
5679.16,6.803466e-14
5680.16,6.835896e-14
5681.16,6.711016e-14
5682.16,6.665902e-14
5683.16,6.689396e-14
5684.16,6.687831e-14
5685.16,6.623662e-14
5686.16,6.66347e-14
5687.16,6.609027e-14
5688.16,6.626904e-14
5689.16,6.652965e-14
5690.16,6.578403e-14
5691.16,6.622278e-14
5692.16,6.665651e-14
5693.16,6.686378e-14
5694.16,6.677666e-14
5695.16,6.619952e-14
5696.16,6.59937e-14
5697.16,6.583135e-14
5698.16,6.576779e-14
5699.16,6.587055e-14
5700.16,6.534272e-14
5701.16,6.52052e-14
5702.16,6.529312e-14
5703.16,6.552081e-14
5704.16,6.575191e-14
5705.16,6.547076e-14
5706.16,6.470309e-14
5707.16,6.417231e-14
5708.16,6.411289e-14
5709.16,6.486704e-14
5710.16,6.346751e-14
5711.16,6.376429e-14
5712.16,6.43724e-14
5713.16,6.394256e-14
5714.16,6.329774e-14
5715.16,6.287939e-14
5716.16,6.241548e-14
5717.16,6.191547e-14
5718.16,6.138246e-14
5719.16,6.122418e-14
5720.16,6.11343e-14
5721.16,6.084695e-14
5722.16,6.024348e-14
5723.16,6.082733e-14
5724.16,6.008115e-14
5725.16,5.962779e-14
5726.16,5.930043e-14
5727.16,5.879885e-14
5728.16,6.009752e-14
5729.16,5.902067e-14
5730.16,5.867395e-14
5731.16,5.924024e-14
5732.16,5.772282e-14
5733.16,5.771729e-14
5734.16,5.795532e-14
5735.16,5.786112e-14
5736.16,5.689681e-14
5737.16,5.761407e-14
5738.16,5.756926e-14
5739.16,5.736035e-14
5740.16,5.707322e-14
5741.16,5.686198e-14
5742.16,5.635058e-14
5743.16,5.670675e-14
5744.16,5.706916e-14
5745.16,5.715587e-14
5746.16,5.624993e-14
5747.16,5.624444e-14
5748.16,5.633673e-14
5749.16,5.624698e-14
5750.16,5.550178e-14
5751.16,5.536385e-14
5752.16,5.584439e-14
5753.16,5.544579e-14
5754.16,5.443478e-14
5755.16,5.535823e-14
5756.16,5.468262e-14
5757.16,5.478146e-14
5758.16,5.512225e-14
5759.16,5.54872e-14
5760.16,5.386187e-14
5761.16,5.412183e-14
5762.16,5.399766e-14
5763.16,5.376775e-14
5764.16,5.415765e-14
5765.16,5.470517e-14
5766.16,5.46433e-14
5767.16,5.419437e-14
5768.16,5.349715e-14
5769.16,5.423976e-14
5770.16,5.419334e-14
5771.16,5.380238e-14
5772.16,5.36212e-14
5773.16,5.431486e-14
5774.16,5.444918e-14
5775.16,5.40782e-14
5776.16,5.387172e-14
5777.16,5.385352e-14
5778.16,5.394879e-14
5779.16,5.370888e-14
5780.16,5.330097e-14
5781.16,5.292647e-14
5782.16,5.269506e-14
5783.16,5.300354e-14
5784.16,5.338923e-14
5785.16,5.354661e-14
5786.16,5.34955e-14
5787.16,5.317979e-14
5788.16,5.330462e-14
5789.16,5.285844e-14
5790.16,5.298922e-14
5791.16,5.379628e-14
5792.16,5.405445e-14
5793.16,5.411262e-14
5794.16,5.384325e-14
5795.16,5.365094e-14
5796.16,5.39131e-14
5797.16,5.378568e-14
5798.16,5.37601e-14
5799.16,5.387425e-14
5800.16,5.402775e-14
5801.16,5.382607e-14
5802.16,5.44904e-14
5803.16,5.449975e-14
5804.16,5.447526e-14
5805.16,5.462219e-14
5806.16,5.505272e-14
5807.16,5.54491e-14
5808.16,5.574451e-14
5809.16,5.590291e-14
5810.16,5.580531e-14
5811.16,5.546091e-14
5812.16,5.618311e-14
5813.16,5.641094e-14
5814.16,5.605413e-14
5815.16,5.683439e-14
5816.16,5.615428e-14
5817.16,5.65988e-14
5818.16,5.705967e-14
5819.16,5.667759e-14
5820.16,5.729741e-14
5821.16,5.739081e-14
5822.16,5.714239e-14
5823.16,5.69409e-14
5824.16,5.837172e-14
5825.16,5.817924e-14
5826.16,5.859251e-14
5827.16,5.873826e-14
5828.16,5.829563e-14
5829.16,5.889346e-14
5830.16,5.923396e-14
5831.16,5.885192e-14
5832.16,5.847786e-14
5833.16,5.943208e-14
5834.16,5.885199e-14
5835.16,5.971115e-14
5836.16,6.004936e-14
5837.16,5.969488e-14
5838.16,6.016203e-14
5839.16,6.004222e-14
5840.16,6.005614e-14
5841.16,6.000495e-14
5842.16,5.970249e-14
5843.16,6.050279e-14
5844.16,6.115486e-14
5845.16,6.144466e-14
5846.16,6.142064e-14
5847.16,6.125914e-14
5848.16,6.065874e-14
5849.16,6.095248e-14
5850.16,6.119835e-14
5851.16,6.105514e-14
5852.16,6.164254e-14
5853.16,6.188806e-14
5854.16,6.19402e-14
5855.16,6.186211e-14
5856.16,6.17096e-14
5857.16,6.175497e-14
5858.16,6.170905e-14
5859.16,6.143697e-14
5860.16,6.100936e-14
5861.16,6.157954e-14
5862.16,6.242152e-14
5863.16,6.224584e-14
5864.16,6.187444e-14
5865.16,6.196005e-14
5866.16,6.223329e-14
5867.16,6.228605e-14
5868.16,6.254673e-14
5869.16,6.277863e-14
5870.16,6.166806e-14
5871.16,6.225258e-14
5872.16,6.215399e-14
5873.16,6.193607e-14
5874.16,6.18116e-14
5875.16,6.228013e-14
5876.16,6.243502e-14
5877.16,6.264821e-14
5878.16,6.270292e-14
5879.16,6.199051e-14
5880.16,6.216214e-14
5881.16,6.185742e-14
5882.16,6.181781e-14
5883.16,6.214799e-14
5884.16,6.157579e-14
5885.16,6.182814e-14
5886.16,6.164089e-14
5887.16,6.149653e-14
5888.16,6.198683e-14
5889.16,6.237637e-14
5890.16,6.091185e-14
5891.16,6.069667e-14
5892.16,6.160692e-14
5893.16,6.100444e-14
5894.16,6.07808e-14
5895.16,6.117388e-14
5896.16,6.165988e-14
5897.16,6.195358e-14
5898.16,6.160632e-14
5899.16,6.120452e-14
5900.16,6.12608e-14
5901.16,6.153929e-14
5902.16,6.133314e-14
5903.16,6.13867e-14
5904.16,6.129715e-14
5905.16,6.132107e-14
5906.16,6.154708e-14
5907.16,6.195119e-14
5908.16,6.200792e-14
5909.16,6.161888e-14
5910.16,6.120958e-14
5911.16,6.148702e-14
5912.16,6.229139e-14
5913.16,6.206287e-14
5914.16,6.202641e-14
5915.16,6.224156e-14
5916.16,6.128857e-14
5917.16,6.181569e-14
5918.16,6.195753e-14
5919.16,6.175331e-14
5920.16,6.106355e-14
5921.16,6.144732e-14
5922.16,6.167548e-14
5923.16,6.154711e-14
5924.16,6.125878e-14
5925.16,6.187578e-14
5926.16,6.243677e-14
5927.16,6.202944e-14
5928.16,6.162411e-14
5929.16,6.168465e-14
5930.16,6.234275e-14
5931.16,6.207875e-14
5932.16,6.209351e-14
5933.16,6.215324e-14
5934.16,6.15571e-14
5935.16,6.22043e-14
5936.16,6.18688e-14
5937.16,6.190809e-14
5938.16,6.264461e-14
5939.16,6.21482e-14
5940.16,6.105231e-14
5941.16,6.065898e-14
5942.16,6.066001e-14
5943.16,6.08025e-14
5944.16,6.236194e-14
5945.16,6.204032e-14
5946.16,6.176253e-14
5947.16,6.178523e-14
5948.16,6.204495e-14
5949.16,6.176406e-14
5950.16,6.190476e-14
5951.16,6.182792e-14
5952.16,6.086353e-14
5953.16,6.168402e-14
5954.16,6.19661e-14
5955.16,6.189881e-14
5956.16,6.145759e-14
5957.16,6.022281e-14
5958.16,6.084939e-14
5959.16,6.094043e-14
5960.16,6.099983e-14
5961.16,6.125731e-14
5962.16,6.218626e-14
5963.16,6.162688e-14
5964.16,6.148969e-14
5965.16,6.150828e-14
5966.16,6.077295e-14
5967.16,6.114044e-14
5968.16,6.024794e-14
5969.16,5.971615e-14
5970.16,6.008692e-14
5971.16,6.086527e-14
5972.16,6.044496e-14
5973.16,6.037967e-14
5974.16,6.059007e-14
5975.16,6.111177e-14
5976.16,6.133518e-14
5977.16,6.035806e-14
5978.16,6.007095e-14
5979.16,6.081245e-14
5980.16,6.200781e-14
5981.16,6.098929e-14
5982.16,6.059797e-14
5983.16,6.046921e-14
5984.16,6.034133e-14
5985.16,5.979023e-14
5986.16,6.061899e-14
5987.16,6.071472e-14
5988.16,6.003667e-14
5989.16,5.973617e-14
5990.16,5.924233e-14
5991.16,5.956802e-14
5992.16,6.005451e-14
5993.16,6.030672e-14
5994.16,6.008333e-14
5995.16,6.027807e-14
5996.16,6.069461e-14
5997.16,6.095043e-14
5998.16,5.921836e-14
5999.16,5.983281e-14
6000.16,5.965167e-14
6001.16,5.955674e-14
6002.16,5.995477e-14
6003.16,6.003391e-14
6004.16,5.945668e-14
6005.16,5.910042e-14
6006.16,5.901997e-14
6007.16,5.948464e-14
6008.16,5.926161e-14
6009.16,5.899565e-14
6010.16,5.867626e-14
6011.16,5.831641e-14
6012.16,5.823392e-14
6013.16,5.8444e-14
6014.16,5.822429e-14
6015.16,5.794479e-14
6016.16,5.829514e-14
6017.16,5.824739e-14
6018.16,5.827278e-14
6019.16,5.818197e-14
6020.16,5.796627e-14
6021.16,5.82183e-14
6022.16,5.777579e-14
6023.16,5.760029e-14
6024.16,5.752132e-14
6025.16,5.736982e-14
6026.16,5.776681e-14
6027.16,5.731325e-14
6028.16,5.694232e-14
6029.16,5.682499e-14
6030.16,5.744321e-14
6031.16,5.735646e-14
6032.16,5.720293e-14
6033.16,5.69798e-14
6034.16,5.66464e-14
6035.16,5.621896e-14
6036.16,5.621805e-14
6037.16,5.602603e-14
6038.16,5.565015e-14
6039.16,5.53061e-14
6040.16,5.518626e-14
6041.16,5.523816e-14
6042.16,5.513259e-14
6043.16,5.459184e-14
6044.16,5.490921e-14
6045.16,5.458e-14
6046.16,5.412515e-14
6047.16,5.3625e-14
6048.16,5.320684e-14
6049.16,5.338222e-14
6050.16,5.330251e-14
6051.16,5.296949e-14
6052.16,5.231409e-14
6053.16,5.24609e-14
6054.16,5.254303e-14
6055.16,5.230529e-14
6056.16,5.181963e-14
6057.16,5.112858e-14
6058.16,5.092458e-14
6059.16,4.985683e-14
6060.16,4.887097e-14
6061.16,4.83577e-14
6062.16,4.813179e-14
6063.16,4.737198e-14
6064.16,4.715453e-14
6065.16,4.696214e-14
6066.16,4.535779e-14
6067.16,4.432424e-14
6068.16,4.386897e-14
6069.16,4.32815e-14
6070.16,4.240295e-14
6071.16,4.147892e-14
6072.16,4.12731e-14
6073.16,4.041442e-14
6074.16,3.945434e-14
6075.16,3.937704e-14
6076.16,3.891153e-14
6077.16,3.804586e-14
6078.16,3.711017e-14
6079.16,3.62395e-14
6080.16,3.603217e-14
6081.16,3.557113e-14
6082.16,3.505588e-14
6083.16,3.443497e-14
6084.16,3.351629e-14
6085.16,3.36625e-14
6086.16,3.3189e-14
6087.16,3.256445e-14
6088.16,3.188694e-14
6089.16,3.120959e-14
6090.16,3.070522e-14
6091.16,3.039881e-14
6092.16,3.017617e-14
6093.16,2.993887e-14
6094.16,2.912439e-14
6095.16,2.873289e-14
6096.16,2.838943e-14
6097.16,2.807204e-14
6098.16,2.779917e-14
6099.16,2.680268e-14
6100.16,2.660944e-14
6101.16,2.65463e-14
6102.16,2.596003e-14
6103.16,2.536674e-14
6104.16,2.553993e-14
6105.16,2.541563e-14
6106.16,2.491945e-14
6107.16,2.427979e-14
6108.16,2.429749e-14
6109.16,2.41306e-14
6110.16,2.389201e-14
6111.16,2.364436e-14
6112.16,2.392786e-14
6113.16,2.346267e-14
6114.16,2.310888e-14
6115.16,2.290621e-14
6116.16,2.244065e-14
6117.16,2.280424e-14
6118.16,2.251456e-14
6119.16,2.21583e-14
6120.16,2.218738e-14
6121.16,2.177799e-14
6122.16,2.167271e-14
6123.16,2.147263e-14
6124.16,2.123906e-14
6125.16,2.158284e-14
6126.16,2.107152e-14
6127.16,2.08054e-14
6128.16,2.066171e-14
6129.16,2.061921e-14
6130.16,2.053006e-14
6131.16,2.059582e-14
6132.16,2.064137e-14
6133.16,2.062192e-14
6134.16,2.027723e-14
6135.16,2.014417e-14
6136.16,1.988796e-14
6137.16,1.957868e-14
6138.16,1.924381e-14
6139.16,1.995312e-14
6140.16,1.948044e-14
6141.16,1.924746e-14
6142.16,1.924632e-14
6143.16,1.889519e-14
6144.16,1.9197e-14
6145.16,1.904855e-14
6146.16,1.886679e-14
6147.16,1.892156e-14
6148.16,1.916608e-14
6149.16,1.929933e-14
6150.16,1.9177e-14
6151.16,1.892068e-14
6152.16,1.929278e-14
6153.16,1.920644e-14
6154.16,1.931281e-14
6155.16,1.935291e-14
6156.16,1.911511e-14
6157.16,1.949979e-14
6158.16,1.94012e-14
6159.16,1.950506e-14
6160.16,1.974949e-14
6161.16,1.956528e-14
6162.16,1.95822e-14
6163.16,2.001303e-14
6164.16,2.027549e-14
6165.16,1.986714e-14
6166.16,1.982873e-14
6167.16,2.053146e-14
6168.16,2.068222e-14
6169.16,2.035476e-14
6170.16,2.044751e-14
6171.16,2.112812e-14
6172.16,2.128668e-14
6173.16,2.124622e-14
6174.16,2.112987e-14
6175.16,2.192059e-14
6176.16,2.199217e-14
6177.16,2.212917e-14
6178.16,2.234195e-14
6179.16,2.24114e-14
6180.16,2.277962e-14
6181.16,2.301386e-14
6182.16,2.319797e-14
6183.16,2.336602e-14
6184.16,2.377403e-14
6185.16,2.407633e-14
6186.16,2.420048e-14
6187.16,2.423688e-14
6188.16,2.510265e-14
6189.16,2.538789e-14
6190.16,2.525729e-14
6191.16,2.528014e-14
6192.16,2.607367e-14
6193.16,2.683497e-14
6194.16,2.706663e-14
6195.16,2.72671e-14
6196.16,2.748607e-14
6197.16,2.792914e-14
6198.16,2.86254e-14
6199.16,2.886517e-14
6200.16,2.893087e-14
6201.16,2.899673e-14
6202.16,2.923524e-14
6203.16,2.956967e-14
6204.16,2.989994e-14
6205.16,3.022428e-14
6206.16,3.091874e-14
6207.16,3.102258e-14
6208.16,3.148662e-14
6209.16,3.199239e-14
6210.16,3.21776e-14
6211.16,3.288672e-14
6212.16,3.300307e-14
6213.16,3.335701e-14
6214.16,3.399487e-14
6215.16,3.377939e-14
6216.16,3.421575e-14
6217.16,3.466796e-14
6218.16,3.508715e-14
6219.16,3.538795e-14
6220.16,3.552509e-14
6221.16,3.619399e-14
6222.16,3.681128e-14
6223.16,3.72567e-14
6224.16,3.819285e-14
6225.16,3.770529e-14
6226.16,3.805921e-14
6227.16,3.863308e-14
6228.16,3.837968e-14
6229.16,3.887085e-14
6230.16,3.950212e-14
6231.16,3.994797e-14
6232.16,4.007803e-14
6233.16,4.033941e-14
6234.16,4.003139e-14
6235.16,4.036808e-14
6236.16,4.104469e-14
6237.16,4.158291e-14
6238.16,4.194592e-14
6239.16,4.239826e-14
6240.16,4.272616e-14
6241.16,4.2809e-14
6242.16,4.31912e-14
6243.16,4.367925e-14
6244.16,4.42088e-14
6245.16,4.461294e-14
6246.16,4.425966e-14
6247.16,4.432916e-14
6248.16,4.467509e-14
6249.16,4.521771e-14
6250.16,4.598189e-14
6251.16,4.614246e-14
6252.16,4.615474e-14
6253.16,4.647853e-14
6254.16,4.698371e-14
6255.16,4.711304e-14
6256.16,4.732163e-14
6257.16,4.766246e-14
6258.16,4.777927e-14
6259.16,4.730937e-14
6260.16,4.8364e-14
6261.16,4.868699e-14
6262.16,4.865076e-14
6263.16,4.843288e-14
6264.16,4.932674e-14
6265.16,5.006851e-14
6266.16,4.991719e-14
6267.16,4.963281e-14
6268.16,4.985579e-14
6269.16,5.02894e-14
6270.16,5.043221e-14
6271.16,5.064376e-14
6272.16,5.085827e-14
6273.16,4.960578e-14
6274.16,5.048825e-14
6275.16,5.02543e-14
6276.16,4.93915e-14
6277.16,4.805974e-14
6278.16,4.78664e-14
6279.16,4.849693e-14
6280.16,4.896542e-14
6281.16,4.907737e-14
6282.16,5.00581e-14
6283.16,5.088064e-14
6284.16,5.115852e-14
6285.16,5.126438e-14
6286.16,5.198615e-14
6287.16,5.231008e-14
6288.16,5.195738e-14
6289.16,5.172457e-14
6290.16,5.189306e-14
6291.16,5.223508e-14
6292.16,5.189874e-14
6293.16,5.212271e-14
6294.16,5.25079e-14
6295.16,5.151043e-14
6296.16,5.24962e-14
6297.16,5.289735e-14
6298.16,5.281028e-14
6299.16,5.203549e-14
6300.16,5.34455e-14
6301.16,5.347871e-14
6302.16,5.342141e-14
6303.16,5.334419e-14
6304.16,5.330509e-14
6305.16,5.38188e-14
6306.16,5.370551e-14
6307.16,5.364157e-14
6308.16,5.428978e-14
6309.16,5.474807e-14
6310.16,5.395547e-14
6311.16,5.379068e-14
6312.16,5.440686e-14
6313.16,5.441263e-14
6314.16,5.407461e-14
6315.16,5.434476e-14
6316.16,5.469888e-14
6317.16,5.434066e-14
6318.16,5.425978e-14
6319.16,5.423909e-14
6320.16,5.427217e-14
6321.16,5.436736e-14
6322.16,5.484353e-14
6323.16,5.482898e-14
6324.16,5.480464e-14
6325.16,5.473263e-14
6326.16,5.443892e-14
6327.16,5.522808e-14
6328.16,5.519187e-14
6329.16,5.508303e-14
6330.16,5.519334e-14
6331.16,5.482175e-14
6332.16,5.495794e-14
6333.16,5.506917e-14
6334.16,5.504671e-14
6335.16,5.420595e-14
6336.16,5.493257e-14
6337.16,5.562942e-14
6338.16,5.583512e-14
6339.16,5.47745e-14
6340.16,5.495408e-14
6341.16,5.493293e-14
6342.16,5.501737e-14
6343.16,5.52233e-14
6344.16,5.527438e-14
6345.16,5.503587e-14
6346.16,5.515098e-14
6347.16,5.519182e-14
6348.16,5.430142e-14
6349.16,5.483708e-14
6350.16,5.46064e-14
6351.16,5.46173e-14
6352.16,5.516548e-14
6353.16,5.518551e-14
6354.16,5.540456e-14
6355.16,5.507724e-14
6356.16,5.449437e-14
6357.16,5.455949e-14
6358.16,5.459656e-14
6359.16,5.464339e-14
6360.16,5.452739e-14
6361.16,5.405896e-14
6362.16,5.40859e-14
6363.16,5.446913e-14
6364.16,5.471831e-14
6365.16,5.478285e-14
6366.16,5.449953e-14
6367.16,5.42844e-14
6368.16,5.458393e-14
6369.16,5.493112e-14
6370.16,5.477153e-14
6371.16,5.478615e-14
6372.16,5.498452e-14
6373.16,5.49083e-14
6374.16,5.446506e-14
6375.16,5.526962e-14
6376.16,5.45289e-14
6377.16,5.443854e-14
6378.16,5.460293e-14
6379.16,5.402769e-14
6380.16,5.418318e-14
6381.16,5.446632e-14
6382.16,5.456982e-14
6383.16,5.426097e-14
6384.16,5.401186e-14
6385.16,5.430784e-14
6386.16,5.435219e-14
6387.16,5.414349e-14
6388.16,5.38415e-14
6389.16,5.440977e-14
6390.16,5.429498e-14
6391.16,5.389348e-14
6392.16,5.339847e-14
6393.16,5.374475e-14
6394.16,5.398559e-14
6395.16,5.377211e-14
6396.16,5.303391e-14
6397.16,5.380677e-14
6398.16,5.363067e-14
6399.16,5.389793e-14
6400.16,5.421792e-14
6401.16,5.345164e-14
6402.16,5.360866e-14
6403.16,5.361644e-14
6404.16,5.362514e-14
6405.16,5.370377e-14
6406.16,5.480898e-14
6407.16,5.422604e-14
6408.16,5.382301e-14
6409.16,5.366768e-14
6410.16,5.348258e-14
6411.16,5.273106e-14
6412.16,5.265444e-14
6413.16,5.282118e-14
6414.16,5.290577e-14
6415.16,5.325354e-14
6416.16,5.322718e-14
6417.16,5.312092e-14
6418.16,5.297671e-14
6419.16,5.247253e-14
6420.16,5.30007e-14
6421.16,5.309467e-14
6422.16,5.29224e-14
6423.16,5.288956e-14
6424.16,5.235767e-14
6425.16,5.260892e-14
6426.16,5.284034e-14
6427.16,5.254633e-14
6428.16,5.272638e-14
6429.16,5.231251e-14
6430.16,5.215306e-14
6431.16,5.228997e-14
6432.16,5.219321e-14
6433.16,5.198786e-14
6434.16,5.180472e-14
6435.16,5.172085e-14
6436.16,5.19917e-14
6437.16,5.232161e-14
6438.16,5.205837e-14
6439.16,5.166619e-14
6440.16,5.125114e-14
6441.16,5.137904e-14
6442.16,5.159937e-14
6443.16,5.158494e-14
6444.16,5.143628e-14
6445.16,5.176979e-14
6446.16,5.117251e-14
6447.16,5.128337e-14
6448.16,5.159608e-14
6449.16,5.177936e-14
6450.16,5.14697e-14
6451.16,5.132012e-14
6452.16,5.134776e-14
6453.16,5.156025e-14
6454.16,5.072808e-14
6455.16,5.014446e-14
6456.16,5.058784e-14
6457.16,5.143135e-14
6458.16,5.090924e-14
6459.16,5.121588e-14
6460.16,5.114614e-14
6461.16,5.107794e-14
6462.16,5.123848e-14
6463.16,5.006517e-14
6464.16,5.02862e-14
6465.16,5.061794e-14
6466.16,5.088869e-14
6467.16,5.001446e-14
6468.16,5.010511e-14
6469.16,5.009228e-14
6470.16,5.000552e-14
6471.16,4.981786e-14
6472.16,4.994158e-14
6473.16,4.999169e-14
6474.16,4.977299e-14
6475.16,4.908949e-14
6476.16,4.905488e-14
6477.16,4.917828e-14
6478.16,4.96818e-14
6479.16,5.040054e-14
6480.16,4.991578e-14
6481.16,4.980103e-14
6482.16,4.96339e-14
6483.16,4.947485e-14
6484.16,4.942061e-14
6485.16,4.950987e-14
6486.16,4.926567e-14
6487.16,4.918869e-14
6488.16,4.946187e-14
6489.16,4.908414e-14
6490.16,4.991317e-14
6491.16,4.993816e-14
6492.16,4.928025e-14
6493.16,4.83015e-14
6494.16,4.885317e-14
6495.16,4.934318e-14
6496.16,4.978123e-14
6497.16,5.012806e-14
6498.16,4.96459e-14
6499.16,4.931907e-14
6500.16,4.900078e-14
6501.16,4.868155e-14
6502.16,4.856146e-14
6503.16,4.908629e-14
6504.16,4.919291e-14
6505.16,4.899792e-14
6506.16,4.881339e-14
6507.16,4.873445e-14
6508.16,4.855957e-14
6509.16,4.857294e-14
6510.16,4.920848e-14
6511.16,4.903482e-14
6512.16,4.894285e-14
6513.16,4.871765e-14
6514.16,4.83073e-14
6515.16,4.691896e-14
6516.16,4.793628e-14
6517.16,4.822729e-14
6518.16,4.80721e-14
6519.16,4.82433e-14
6520.16,4.792351e-14
6521.16,4.841079e-14
6522.16,4.881131e-14
6523.16,4.832062e-14
6524.16,4.752602e-14
6525.16,4.791189e-14
6526.16,4.827723e-14
6527.16,4.843889e-14
6528.16,4.8294e-14
6529.16,4.767336e-14
6530.16,4.777625e-14
6531.16,4.815115e-14
6532.16,4.72039e-14
6533.16,4.69851e-14
6534.16,4.68699e-14
6535.16,4.685654e-14
6536.16,4.70343e-14
6537.16,4.696236e-14
6538.16,4.722088e-14
6539.16,4.741548e-14
6540.16,4.748314e-14
6541.16,4.811118e-14
6542.16,4.737159e-14
6543.16,4.705579e-14
6544.16,4.691051e-14
6545.16,4.593431e-14
6546.16,4.691794e-14
6547.16,4.698874e-14
6548.16,4.675388e-14
6549.16,4.644612e-14
6550.16,4.658793e-14
6551.16,4.686829e-14
6552.16,4.700733e-14
6553.16,4.692779e-14
6554.16,4.602515e-14
6555.16,4.628282e-14
6556.16,4.664886e-14
6557.16,4.699498e-14
6558.16,4.6679e-14
6559.16,4.664659e-14
6560.16,4.643722e-14
6561.16,4.620894e-14
6562.16,4.610162e-14
6563.16,4.660056e-14
6564.16,4.647636e-14
6565.16,4.630769e-14
6566.16,4.619967e-14
6567.16,4.611118e-14
6568.16,4.656792e-14
6569.16,4.658755e-14
6570.16,4.628818e-14
6571.16,4.620833e-14
6572.16,4.573461e-14
6573.16,4.583827e-14
6574.16,4.587142e-14
6575.16,4.489288e-14
6576.16,4.491583e-14
6577.16,4.53907e-14
6578.16,4.565413e-14
6579.16,4.543821e-14
6580.16,4.583749e-14
6581.16,4.562068e-14
6582.16,4.532773e-14
6583.16,4.501597e-14
6584.16,4.499036e-14
6585.16,4.48868e-14
6586.16,4.496855e-14
6587.16,4.50411e-14
6588.16,4.47198e-14
6589.16,4.466291e-14
6590.16,4.492402e-14
6591.16,4.508087e-14
6592.16,4.489746e-14
6593.16,4.454205e-14
6594.16,4.425282e-14
6595.16,4.409809e-14
6596.16,4.408518e-14
6597.16,4.405644e-14
6598.16,4.450239e-14
6599.16,4.44211e-14
6600.16,4.40919e-14
6601.16,4.399615e-14
6602.16,4.43036e-14
6603.16,4.449772e-14
6604.16,4.451249e-14
6605.16,4.414761e-14
6606.16,4.387852e-14
6607.16,4.37211e-14
6608.16,4.367073e-14
6609.16,4.374853e-14
6610.16,4.421298e-14
6611.16,4.391952e-14
6612.16,4.378238e-14
6613.16,4.370303e-14
6614.16,4.313641e-14
6615.16,4.318159e-14
6616.16,4.292963e-14
6617.16,4.263205e-14
6618.16,4.253969e-14
6619.16,4.262277e-14
6620.16,4.309385e-14
6621.16,4.30581e-14
6622.16,4.205747e-14
6623.16,4.350304e-14
6624.16,4.294754e-14
6625.16,4.274561e-14
6626.16,4.291336e-14
6627.16,4.259816e-14
6628.16,4.256719e-14
6629.16,4.253072e-14
6630.16,4.243602e-14
6631.16,4.205738e-14
6632.16,4.213508e-14
6633.16,4.238083e-14
6634.16,4.236601e-14
6635.16,4.162934e-14
6636.16,4.275043e-14
6637.16,4.228495e-14
6638.16,4.186981e-14
6639.16,4.172013e-14
6640.16,4.203477e-14
6641.16,4.176269e-14
6642.16,4.139725e-14
6643.16,4.102232e-14
6644.16,4.105471e-14
6645.16,4.130305e-14
6646.16,4.135244e-14
6647.16,4.122612e-14
6648.16,4.0726e-14
6649.16,4.088547e-14
6650.16,4.060247e-14
6651.16,4.043192e-14
6652.16,4.061348e-14
6653.16,4.06315e-14
6654.16,4.090185e-14
6655.16,4.065158e-14
6656.16,3.991423e-14
6657.16,4.030655e-14
6658.16,4.009542e-14
6659.16,3.995818e-14
6660.16,3.989155e-14
6661.16,3.999136e-14
6662.16,4.035789e-14
6663.16,4.014328e-14
6664.16,3.989958e-14
6665.16,4.007336e-14
6666.16,3.961302e-14
6667.16,3.98777e-14
6668.16,3.999151e-14
6669.16,3.972201e-14
6670.16,4.009908e-14
6671.16,4.031961e-14
6672.16,3.998111e-14
6673.16,3.919794e-14
6674.16,3.899337e-14
6675.16,3.967421e-14
6676.16,3.968465e-14
6677.16,3.93984e-14
6678.16,3.928646e-14
6679.16,3.967914e-14
6680.16,3.963384e-14
6681.16,3.950217e-14
6682.16,3.943752e-14
6683.16,3.925663e-14
6684.16,3.907758e-14
6685.16,3.905129e-14
6686.16,3.924248e-14
6687.16,3.955543e-14
6688.16,3.943806e-14
6689.16,3.945198e-14
6690.16,3.954707e-14
6691.16,3.921097e-14
6692.16,3.916267e-14
6693.16,3.925158e-14
6694.16,3.930581e-14
6695.16,3.887398e-14
6696.16,3.917094e-14
6697.16,3.916906e-14
6698.16,3.918591e-14
6699.16,3.943369e-14
6700.16,3.927709e-14
6701.16,3.9338e-14
6702.16,3.922412e-14
6703.16,3.883937e-14
6704.16,3.862476e-14
6705.16,3.905397e-14
6706.16,3.908012e-14
6707.16,3.875559e-14
6708.16,3.832039e-14
6709.16,3.829754e-14
6710.16,3.846737e-14
6711.16,3.875754e-14
6712.16,3.919752e-14
6713.16,3.890073e-14
6714.16,3.897745e-14
6715.16,3.893256e-14
6716.16,3.830857e-14
6717.16,3.811428e-14
6718.16,3.86144e-14
6719.16,3.890241e-14
6720.16,3.874574e-14
6721.16,3.804885e-14
6722.16,3.768707e-14
6723.16,3.783653e-14
6724.16,3.841495e-14
6725.16,3.859344e-14
6726.16,3.893538e-14
6727.16,3.853556e-14
6728.16,3.792818e-14
6729.16,3.841333e-14
6730.16,3.825627e-14
6731.16,3.813666e-14
6732.16,3.810813e-14
6733.16,3.832721e-14
6734.16,3.795198e-14
6735.16,3.792864e-14
6736.16,3.777329e-14
6737.16,3.729955e-14
6738.16,3.743611e-14
6739.16,3.738144e-14
6740.16,3.74102e-14
6741.16,3.752552e-14
6742.16,3.726882e-14
6743.16,3.737331e-14
6744.16,3.745242e-14
6745.16,3.746843e-14
6746.16,3.709904e-14
6747.16,3.736252e-14
6748.16,3.745559e-14
6749.16,3.737545e-14
6750.16,3.685524e-14
6751.16,3.710105e-14
6752.16,3.678468e-14
6753.16,3.654044e-14
6754.16,3.671033e-14
6755.16,3.62328e-14
6756.16,3.614082e-14
6757.16,3.636584e-14
6758.16,3.695971e-14
6759.16,3.685277e-14
6760.16,3.63827e-14
6761.16,3.630233e-14
6762.16,3.650638e-14
6763.16,3.602436e-14
6764.16,3.622184e-14
6765.16,3.62327e-14
6766.16,3.613787e-14
6767.16,3.59686e-14
6768.16,3.598194e-14
6769.16,3.594268e-14
6770.16,3.59121e-14
6771.16,3.595721e-14
6772.16,3.596882e-14
6773.16,3.559822e-14
6774.16,3.542047e-14
6775.16,3.571482e-14
6776.16,3.55444e-14
6777.16,3.579147e-14
6778.16,3.580411e-14
6779.16,3.552974e-14
6780.16,3.586633e-14
6781.16,3.600712e-14
6782.16,3.596345e-14
6783.16,3.583692e-14
6784.16,3.62734e-14
6785.16,3.597949e-14
6786.16,3.569583e-14
6787.16,3.557088e-14
6788.16,3.624123e-14
6789.16,3.611294e-14
6790.16,3.627807e-14
6791.16,3.634053e-14
6792.16,3.587371e-14
6793.16,3.655111e-14
6794.16,3.665512e-14
6795.16,3.656832e-14
6796.16,3.628665e-14
6797.16,3.551331e-14
6798.16,3.57845e-14
6799.16,3.596229e-14
6800.16,3.598151e-14
6801.16,3.676036e-14
6802.16,3.654271e-14
6803.16,3.628783e-14
6804.16,3.608023e-14
6805.16,3.666054e-14
6806.16,3.67994e-14
6807.16,3.660014e-14
6808.16,3.637047e-14
6809.16,3.681723e-14
6810.16,3.689742e-14
6811.16,3.662077e-14
6812.16,3.65152e-14
6813.16,3.726049e-14
6814.16,3.704461e-14
6815.16,3.665563e-14
6816.16,3.648892e-14
6817.16,3.680906e-14
6818.16,3.636873e-14
6819.16,3.692748e-14
6820.16,3.728246e-14
6821.16,3.729262e-14
6822.16,3.667375e-14
6823.16,3.708936e-14
6824.16,3.735656e-14
6825.16,3.745703e-14
6826.16,3.697063e-14
6827.16,3.720462e-14
6828.16,3.702826e-14
6829.16,3.676411e-14
6830.16,3.741878e-14
6831.16,3.711489e-14
6832.16,3.715558e-14
6833.16,3.734132e-14
6834.16,3.763441e-14
6835.16,3.776109e-14
6836.16,3.780639e-14
6837.16,3.780059e-14
6838.16,3.771012e-14
6839.16,3.767823e-14
6840.16,3.772817e-14
6841.16,3.755138e-14
6842.16,3.700248e-14
6843.16,3.655449e-14
6844.16,3.709579e-14
6845.16,3.748074e-14
6846.16,3.763988e-14
6847.16,3.713214e-14
6848.16,3.739109e-14
6849.16,3.769587e-14
6850.16,3.796244e-14
6851.16,3.739808e-14
6852.16,3.780025e-14
6853.16,3.787719e-14
6854.16,3.76813e-14
6855.16,3.67784e-14
6856.16,3.730419e-14
6857.16,3.744267e-14
6858.16,3.745905e-14
6859.16,3.746466e-14
6860.16,3.749838e-14
6861.16,3.753955e-14
6862.16,3.754089e-14
6863.16,3.813025e-14
6864.16,3.749568e-14
6865.16,3.740925e-14
6866.16,3.696106e-14
6867.16,3.559671e-14
6868.16,3.333716e-14
6869.16,3.513199e-14
6870.16,3.621759e-14
6871.16,3.624729e-14
6872.16,3.648209e-14
6873.16,3.664611e-14
6874.16,3.667561e-14
6875.16,3.662886e-14
6876.16,3.649529e-14
6877.16,3.635565e-14
6878.16,3.630735e-14
6879.16,3.64e-14
6880.16,3.734067e-14
6881.16,3.672338e-14
6882.16,3.614125e-14
6883.16,3.569398e-14
6884.16,3.573687e-14
6885.16,3.495255e-14
6886.16,3.450661e-14
6887.16,3.449111e-14
6888.16,3.546266e-14
6889.16,3.512293e-14
6890.16,3.567005e-14
6891.16,3.587176e-14
6892.16,3.516668e-14
6893.16,3.41e-14
6894.16,3.465783e-14
6895.16,3.491872e-14
6896.16,3.459642e-14
6897.16,3.524732e-14
6898.16,3.449868e-14
6899.16,3.404822e-14
6900.16,3.374204e-14
6901.16,3.425887e-14
6902.16,3.503188e-14
6903.16,3.438848e-14
6904.16,3.297831e-14
6905.16,3.342433e-14
6906.16,3.382895e-14
6907.16,3.354588e-14
6908.16,3.306387e-14
6909.16,3.362765e-14
6910.16,3.348787e-14
6911.16,3.359628e-14
6912.16,3.346152e-14
6913.16,3.214294e-14
6914.16,3.263285e-14
6915.16,3.279443e-14
6916.16,3.288833e-14
6917.16,3.275713e-14
6918.16,3.152306e-14
6919.16,3.232146e-14
6920.16,3.273378e-14
6921.16,3.28838e-14
6922.16,3.144672e-14
6923.16,3.16685e-14
6924.16,3.217699e-14
6925.16,3.29039e-14
6926.16,3.276587e-14
6927.16,3.280423e-14
6928.16,3.232169e-14
6929.16,3.131424e-14
6930.16,3.226703e-14
6931.16,3.273711e-14
6932.16,3.265559e-14
6933.16,3.216311e-14
6934.16,3.216101e-14
6935.16,3.269241e-14
6936.16,3.274523e-14
6937.16,3.247496e-14
6938.16,3.182447e-14
6939.16,3.184248e-14
6940.16,3.185361e-14
6941.16,3.190017e-14
6942.16,3.216688e-14
6943.16,3.238342e-14
6944.16,3.271983e-14
6945.16,3.286597e-14
6946.16,3.210926e-14
6947.16,3.210153e-14
6948.16,3.19072e-14
6949.16,3.181837e-14
6950.16,3.214432e-14
6951.16,3.261599e-14
6952.16,3.276924e-14
6953.16,3.281816e-14
6954.16,3.274465e-14
6955.16,3.167045e-14
6956.16,3.173277e-14
6957.16,3.211273e-14
6958.16,3.283119e-14
6959.16,3.233163e-14
6960.16,3.194377e-14
6961.16,3.219823e-14
6962.16,3.321619e-14
6963.16,3.253902e-14
6964.16,3.274426e-14
6965.16,3.303136e-14
6966.16,3.3389e-14
6967.16,3.371878e-14
6968.16,3.321181e-14
6969.16,3.292088e-14
6970.16,3.283051e-14
6971.16,3.338046e-14
6972.16,3.324372e-14
6973.16,3.338808e-14
6974.16,3.35477e-14
6975.16,3.251859e-14
6976.16,3.249995e-14
6977.16,3.31566e-14
6978.16,3.391999e-14
6979.16,3.360034e-14
6980.16,3.345487e-14
6981.16,3.367077e-14
6982.16,3.387771e-14
6983.16,3.354687e-14
6984.16,3.383213e-14
6985.16,3.350664e-14
6986.16,3.322569e-14
6987.16,3.356283e-14
6988.16,3.247547e-14
6989.16,3.260624e-14
6990.16,3.296776e-14
6991.16,3.336273e-14
6992.16,3.266581e-14
6993.16,3.226774e-14
6994.16,3.233868e-14
6995.16,3.325034e-14
6996.16,3.393908e-14
6997.16,3.402703e-14
6998.16,3.36155e-14
6999.16,3.249882e-14
7000.16,3.343647e-14
7001.16,3.378701e-14
7002.16,3.376501e-14
7003.16,3.331592e-14
7004.16,3.286789e-14
7005.16,3.321291e-14
7006.16,3.339922e-14
7007.16,3.342561e-14
7008.16,3.397758e-14
7009.16,3.401401e-14
7010.16,3.402589e-14
7011.16,3.399537e-14
7012.16,3.34575e-14
7013.16,3.326195e-14
